state,county,year,predicted_yield,acs_imputed,confidence,yield_2024,yield_change
AL,Baldwin,2025,0.065536,0,high,0.0595188393634367,0.006017160636563296
AL,Baldwin,2026,0.064993,0,high,0.0595188393634367,0.005474160636563294
AL,Jefferson,2025,0.069807,0,high,0.0816210767421711,-0.011814076742171109
AL,Jefferson,2026,0.069306,0,high,0.0816210767421711,-0.012315076742171097
AL,Lauderdale,2025,0.07219,0,high,0.0628831175228946,0.0093068824771054
AL,Lauderdale,2026,0.072558,0,high,0.0628831175228946,0.009674882477105393
AL,Lee,2025,0.065918,0,high,0.0606532201480723,0.005264779851927706
AL,Lee,2026,0.06533,0,high,0.0606532201480723,0.004676779851927701
AL,Limestone,2025,0.069851,0,high,0.0589781720020509,0.010872827997949093
AL,Limestone,2026,0.069244,0,high,0.0589781720020509,0.010265827997949097
AL,Madison,2025,0.065666,0,high,0.0602612685494362,0.0054047314505638044
AL,Madison,2026,0.065507,0,high,0.0602612685494362,0.005245731450563798
AL,Marshall,2025,0.059525,0,high,0.0371130858436927,0.0224119141563073
AL,Marshall,2026,0.070446,0,high,0.0371130858436927,0.03333291415630729
AL,Tuscaloosa,2025,0.068209,0,high,0.0792883016284193,-0.011079301628419289
AL,Tuscaloosa,2026,0.067757,0,high,0.0792883016284193,-0.011531301628419297
AR,Benton,2025,0.067895,0,high,0.05105490391387,0.016840096086129998
AR,Benton,2026,0.067622,0,high,0.05105490391387,0.016567096086130002
AR,Boone,2025,0.060978,0,high,0.0401224272289849,0.020855572771015095
AR,Boone,2026,0.061829,0,high,0.0401224272289849,0.0217065727710151
AR,Craighead,2025,0.0785,0,high,0.0917807541891097,-0.013280754189109706
AR,Craighead,2026,0.078833,0,high,0.0917807541891097,-0.012947754189109706
AR,Faulkner,2025,0.068314,0,high,0.0615707066615739,0.006743293338426097
AR,Faulkner,2026,0.067481,0,high,0.0615707066615739,0.005910293338426097
AR,Pulaski,2025,0.068065,0,high,0.0652071706518123,0.002857829348187707
AR,Pulaski,2026,0.067575,0,high,0.0652071706518123,0.0023678293481877027
AR,Sebastian,2025,0.073573,0,high,0.0616555104344499,0.011917489565550096
AR,Sebastian,2026,0.073611,0,high,0.0616555104344499,0.011955489565550093
AR,Washington,2025,0.06103,0,high,0.050760760656137,0.010269239343863
AR,Washington,2026,0.060911,0,high,0.050760760656137,0.010150239343862999
AZ,Cochise,2025,0.074792,0,high,0.0678351409082513,0.006956859091748702
AZ,Cochise,2026,0.074478,0,high,0.0678351409082513,0.006642859091748707
AZ,Coconino,2025,0.05374,0,high,0.0526641680673124,0.0010758319326876
AZ,Coconino,2026,0.054745,0,high,0.0526641680673124,0.002080831932687599
AZ,Graham,2025,0.062387,0,high,0.040533173481671,0.021853826518328998
AZ,Graham,2026,0.063317,0,high,0.040533173481671,0.022783826518328998
AZ,Maricopa,2025,0.058137,0,high,0.0373835207929285,0.020753479207071504
AZ,Maricopa,2026,0.059526,0,high,0.0373835207929285,0.022142479207071505
AZ,Navajo,2025,0.053963,0,high,0.0282633864688264,0.025699613531173598
AZ,Navajo,2026,0.056231,0,high,0.0282633864688264,0.027967613531173604
AZ,Pima,2025,0.061457,0,high,0.056837800118319,0.0046191998816809965
AZ,Pima,2026,0.061498,0,high,0.056837800118319,0.004660199881680996
AZ,Yavapai,2025,0.058079,0,high,0.0557934865365261,0.002285513463473901
AZ,Yavapai,2026,0.059064,0,high,0.0557934865365261,0.003270513463473901
AZ,Yuma,2025,0.07682,0,high,0.0597048885501204,0.0171151114498796
AZ,Yuma,2026,0.077529,0,high,0.0597048885501204,0.017824111449879602
CA,Alameda,2025,0.03781,0,high,0.0259097861229371,0.011900213877062905
CA,Alameda,2026,0.038183,0,high,0.0259097861229371,0.012273213877062903
CA,Butte,2025,0.05258,0,high,0.0507040242941481,0.0018759757058518997
CA,Butte,2026,0.054368,0,high,0.0507040242941481,0.0036639757058518976
CA,Contra Costa,2025,0.040161,0,high,0.0289129647976834,0.011248035202316601
CA,Contra Costa,2026,0.04058,0,high,0.0289129647976834,0.011667035202316597
CA,Fresno,2025,0.055826,0,high,0.0656593219194878,-0.009833321919487797
CA,Fresno,2026,0.056808,0,high,0.0656593219194878,-0.0088513219194878
CA,Humboldt,2025,0.045095,0,high,0.037642820906436,0.007452179093564
CA,Humboldt,2026,0.046205,0,high,0.037642820906436,0.008562179093564
CA,Los Angeles,2025,0.044751,0,high,0.033078818752047,0.011672181247953002
CA,Los Angeles,2026,0.045124,0,high,0.033078818752047,0.012045181247953
CA,Madera,2025,0.056519,0,high,0.0575156399150245,-0.0009966399150245012
CA,Madera,2026,0.057885,0,high,0.0575156399150245,0.000369360084975498
CA,Mendocino,2025,0.04141,0,high,0.0284781669159292,0.012931833084070803
CA,Mendocino,2026,0.042183,0,high,0.0284781669159292,0.013704833084070799
CA,Merced,2025,0.057034,0,high,0.0509421547901303,0.0060918452098697035
CA,Merced,2026,0.057855,0,high,0.0509421547901303,0.006912845209869699
CA,Monterey,2025,0.044661,0,high,0.0302850693442597,0.014375930655740301
CA,Monterey,2026,0.045,0,high,0.0302850693442597,0.0147149306557403
CA,Napa,2025,0.040468,0,high,0.0318964171055927,0.0085715828944073
CA,Napa,2026,0.040852,0,high,0.0318964171055927,0.008955582894407302
CA,Orange,2025,0.039606,0,high,0.0282801121301979,0.011325887869802102
CA,Orange,2026,0.040197,0,high,0.0282801121301979,0.011916887869802096
CA,Placer,2025,0.044169,0,high,0.039371105270197,0.004797894729803
CA,Placer,2026,0.044316,0,high,0.039371105270197,0.004944894729803001
CA,Plumas,2025,0.040583,0,high,0.0393425243691378,0.0012404756308622006
CA,Plumas,2026,0.04237,0,high,0.0393425243691378,0.0030274756308621975
CA,Riverside,2025,0.054778,0,high,0.0535984285063663,0.0011795714936337007
CA,Riverside,2026,0.055046,0,high,0.0535984285063663,0.001447571493633698
CA,Sacramento,2025,0.050247,0,high,0.0437705266143514,0.0064764733856486
CA,Sacramento,2026,0.050211,0,high,0.0437705266143514,0.0064404733856485985
CA,San Bernardino,2025,0.056746,0,high,0.0591564499328086,-0.002410449932808603
CA,San Bernardino,2026,0.057626,0,high,0.0591564499328086,-0.0015304499328086044
CA,San Diego,2025,0.043313,0,high,0.0334733878865743,0.009839612113425697
CA,San Diego,2026,0.043876,0,high,0.0334733878865743,0.010402612113425698
CA,San Francisco,2025,0.033366,0,high,0.0310705380385174,0.0022954619614826005
CA,San Francisco,2026,0.033562,0,high,0.0310705380385174,0.0024914619614826022
CA,San Joaquin,2025,0.051995,0,high,0.0516821327434089,0.000312867256591097
CA,San Joaquin,2026,0.051968,0,high,0.0516821327434089,0.00028586725659109774
CA,San Luis Obispo,2025,0.042252,0,high,0.0351728496749504,0.007079150325049598
CA,San Luis Obispo,2026,0.042673,0,high,0.0351728496749504,0.007500150325049602
CA,San Mateo,2025,0.026375,0,high,0.0182246826028654,0.0081503173971346
CA,San Mateo,2026,0.026526,0,high,0.0182246826028654,0.008301317397134602
CA,Santa Barbara,2025,0.041541,0,high,0.0238070344841165,0.0177339655158835
CA,Santa Barbara,2026,0.035845,0,high,0.0238070344841165,0.0120379655158835
CA,Santa Clara,2025,0.026463,0,high,0.0180695591159109,0.008393440884089099
CA,Santa Clara,2026,0.026686,0,high,0.0180695591159109,0.0086164408840891
CA,Santa Cruz,2025,0.040101,0,high,0.0361849006793988,0.003916099320601198
CA,Santa Cruz,2026,0.040699,0,high,0.0361849006793988,0.004514099320601199
CA,Shasta,2025,0.055595,0,high,0.0488784245653374,0.0067165754346626
CA,Shasta,2026,0.057258,0,high,0.0488784245653374,0.008379575434662605
CA,Sonoma,2025,0.040765,0,high,0.0338780724411825,0.0068869275588175
CA,Sonoma,2026,0.041113,0,high,0.0338780724411825,0.007234927558817494
CA,Stanislaus,2025,0.049087,0,high,0.0444512110900128,0.0046357889099871985
CA,Stanislaus,2026,0.048943,0,high,0.0444512110900128,0.0044917889099872
CA,Tuolumne,2025,0.03928,0,high,0.0399593884011543,-0.0006793884011543003
CA,Tuolumne,2026,0.041522,0,high,0.0399593884011543,0.0015626115988457007
CA,Ventura,2025,0.040609,0,high,0.0364980749712713,0.004110925028728701
CA,Ventura,2026,0.040993,0,high,0.0364980749712713,0.004494925028728704
CA,Yolo,2025,0.04438,0,high,0.0396361364523927,0.004743863547607301
CA,Yolo,2026,0.044397,0,high,0.0396361364523927,0.004760863547607297
CA,Yuba,2025,0.056727,0,high,0.04836096138648,0.008366038613519998
CA,Yuba,2026,0.058371,0,high,0.04836096138648,0.010010038613519998
CO,Adams,2025,0.054485,0,high,0.0439119210810635,0.010573078918936496
CO,Adams,2026,0.054417,0,high,0.0439119210810635,0.010505078918936497
CO,Arapahoe,2025,0.050011,0,high,0.0216265617644311,0.0283844382355689
CO,Arapahoe,2026,0.04967,0,high,0.0216265617644311,0.028043438235568898
CO,Boulder,2025,0.043388,0,high,0.0361298442171058,0.007258155782894203
CO,Boulder,2026,0.043684,0,high,0.0361298442171058,0.007554155782894201
CO,Denver,2025,0.0457,0,high,0.0397280100788121,0.005971989921187901
CO,Denver,2026,0.04563,0,high,0.0397280100788121,0.0059019899211879
CO,El Paso,2025,0.053461,0,high,0.0494136094845093,0.004047390515490704
CO,El Paso,2026,0.054117,0,high,0.0494136094845093,0.0047033905154907005
CO,Garfield,2025,0.047001,0,high,0.0290642385098206,0.0179367614901794
CO,Garfield,2026,0.039628,0,high,0.0290642385098206,0.010563761490179395
CO,Gunnison,2025,0.034876,0,high,0.0251387888103009,0.009737211189699096
CO,Gunnison,2026,0.035473,0,high,0.0251387888103009,0.010334211189699096
CO,Jefferson,2025,0.043481,0,high,0.0336597591321415,0.009821240867858502
CO,Jefferson,2026,0.043649,0,high,0.0336597591321415,0.009989240867858504
CO,La Plata,2025,0.042653,0,high,0.0421319284621748,0.0005210715378252059
CO,La Plata,2026,0.042736,0,high,0.0421319284621748,0.0006040715378252057
CO,Larimer,2025,0.051816,0,high,0.0388532116503139,0.012962788349686102
CO,Larimer,2026,0.05166,0,high,0.0388532116503139,0.012806788349686099
CO,Mesa,2025,0.057904,0,high,0.0432700664665503,0.014633933533449696
CO,Mesa,2026,0.058394,0,high,0.0432700664665503,0.0151239335334497
CO,Weld,2025,0.048404,0,high,0.0446830701626999,0.003720929837300102
CO,Weld,2026,0.048696,0,high,0.0446830701626999,0.004012929837300103
CT,Fairfield,2025,0.045468,0,high,0.0410204327338884,0.0044475672661116045
CT,Fairfield,2026,0.045642,0,high,0.0410204327338884,0.004621567266111605
CT,Hartford,2025,0.057258,0,high,0.0592666060723707,-0.002008606072370696
CT,Hartford,2026,0.057094,0,high,0.0592666060723707,-0.0021726060723707002
CT,Middlesex,2025,0.054516,0,high,0.0523056128972881,0.0022103871027119026
CT,Middlesex,2026,0.054112,0,high,0.0523056128972881,0.001806387102711901
CT,New Haven,2025,0.057692,0,high,0.0528979350309336,0.004794064969066397
CT,New Haven,2026,0.057008,0,high,0.0528979350309336,0.0041100649690664
CT,Tolland,2025,0.056298,0,high,,
CT,Tolland,2026,0.055872,0,high,,
CT,Windham,2025,0.050072,0,high,,
CT,Windham,2026,0.06262,0,high,,
DC,District of Columbia,2025,0.04374,0,high,0.0476866884973386,-0.003946688497338598
DC,District of Columbia,2026,0.044026,0,high,0.0476866884973386,-0.003660688497338596
DE,Kent,2025,0.064794,0,high,0.0582704350423473,0.006523564957652703
DE,Kent,2026,0.064322,0,high,0.0582704350423473,0.0060515649576527025
DE,New Castle,2025,0.055941,0,high,0.066160781925957,-0.010219781925956996
DE,New Castle,2026,0.056597,0,high,0.066160781925957,-0.009563781925956992
FL,Alachua,2025,0.063498,0,high,0.0673504734722791,-0.0038524734722791
FL,Alachua,2026,0.063638,0,high,0.0673504734722791,-0.0037124734722790986
FL,Bay,2025,0.068833,0,high,0.0676808699052016,0.0011521300947984064
FL,Bay,2026,0.068317,0,high,0.0676808699052016,0.0006361300947984039
FL,Brevard,2025,0.065976,0,high,0.0553711529834557,0.010604847016544308
FL,Brevard,2026,0.065561,0,high,0.0553711529834557,0.010189847016544296
FL,Broward,2025,0.060132,0,high,0.0590791384515629,0.0010528615484370965
FL,Broward,2026,0.061516,0,high,0.0590791384515629,0.0024368615484371
FL,Duval,2025,0.063587,0,high,0.0478151450117498,0.015771854988250206
FL,Duval,2026,0.064092,0,high,0.0478151450117498,0.016276854988250197
FL,Escambia,2025,0.072986,0,high,0.0645575845637836,0.008428415436216391
FL,Escambia,2026,0.072676,0,high,0.0645575845637836,0.0081184154362164
FL,Hillsborough,2025,0.061501,0,high,0.0568022965671253,0.0046987034328747
FL,Hillsborough,2026,0.062379,0,high,0.0568022965671253,0.005576703432874697
FL,Lee,2025,0.058042,0,high,0.032503949064016,0.025538050935984005
FL,Lee,2026,0.058847,0,high,0.032503949064016,0.026343050935984
FL,Leon,2025,0.059428,0,high,0.0589311031498683,0.0004968968501317048
FL,Leon,2026,0.060372,0,high,0.0589311031498683,0.0014408968501317052
FL,Manatee,2025,0.061983,0,high,0.0351482612622268,0.0268347387377732
FL,Manatee,2026,0.062796,0,high,0.0351482612622268,0.0276477387377732
FL,Marion,2025,0.077956,0,high,0.0676149365537465,0.010341063446253504
FL,Marion,2026,0.078434,0,high,0.0676149365537465,0.01081906344625351
FL,Miami-Dade,2025,0.053857,0,high,0.0389961841276419,0.014860815872358102
FL,Miami-Dade,2026,0.054533,0,high,0.0389961841276419,0.015536815872358098
FL,Okaloosa,2025,0.065136,0,high,0.0634472070767425,0.0016887929232574928
FL,Okaloosa,2026,0.065362,0,high,0.0634472070767425,0.0019147929232574967
FL,Orange,2025,0.059066,0,high,0.0350191614841638,0.0240468385158362
FL,Orange,2026,0.05996,0,high,0.0350191614841638,0.0249408385158362
FL,Palm Beach,2025,0.056765,0,high,0.0444398031528894,0.0123251968471106
FL,Palm Beach,2026,0.057728,0,high,0.0444398031528894,0.013288196847110599
FL,Pasco,2025,0.074019,0,high,0.0691445339539555,0.0048744660460444955
FL,Pasco,2026,0.07366,0,high,0.0691445339539555,0.004515466046044497
FL,Pinellas,2025,0.059919,0,high,0.0419480820479064,0.0179709179520936
FL,Pinellas,2026,0.060236,0,high,0.0419480820479064,0.0182879179520936
FL,Polk,2025,0.075219,0,high,0.0739159537083789,0.0013030462916210905
FL,Polk,2026,0.075196,0,high,0.0739159537083789,0.0012800462916210953
FL,Seminole,2025,0.065097,0,high,0.0503150011829031,0.014781998817096902
FL,Seminole,2026,0.065563,0,high,0.0503150011829031,0.015247998817096896
FL,Volusia,2025,0.067643,0,high,0.0623570705678156,0.005285929432184394
FL,Volusia,2026,0.067444,0,high,0.0623570705678156,0.005086929432184403
GA,Bulloch,2025,0.080964,0,high,0.0626054361826038,0.0183585638173962
GA,Bulloch,2026,0.081228,0,high,0.0626054361826038,0.0186225638173962
GA,Carroll,2025,0.078216,0,high,0.0688001453788998,0.0094158546211002
GA,Carroll,2026,0.078029,0,high,0.0688001453788998,0.009228854621100208
GA,Chatham,2025,0.061387,0,high,0.0437408557492953,0.017646144250704696
GA,Chatham,2026,0.062167,0,high,0.0437408557492953,0.0184261442507047
GA,Clarke,2025,0.064648,0,high,0.0614641674848001,0.003183832515199894
GA,Clarke,2026,0.064663,0,high,0.0614641674848001,0.0031988325151998953
GA,Cobb,2025,0.057986,0,high,0.0511593668971167,0.006826633102883305
GA,Cobb,2026,0.059365,0,high,0.0511593668971167,0.008205633102883303
GA,Floyd,2025,0.078283,0,high,0.0622820927104378,0.016000907289562202
GA,Floyd,2026,0.078756,0,high,0.0622820927104378,0.016473907289562204
GA,Fulton,2025,0.053856,0,high,0.0447225086876317,0.009133491312368298
GA,Fulton,2026,0.055137,0,high,0.0447225086876317,0.010414491312368296
GA,Glynn,2025,0.05725,0,high,0.0132594356210227,0.043990564378977304
GA,Glynn,2026,0.056904,0,high,0.0132594356210227,0.043644564378977305
GA,Habersham,2025,0.054395,0,high,0.0374137218268473,0.016981278173152696
GA,Habersham,2026,0.055803,0,high,0.0374137218268473,0.018389278173152696
GA,Hall,2025,0.065184,0,high,0.0558506475459034,0.009333352454096604
GA,Hall,2026,0.064605,0,high,0.0558506475459034,0.008754352454096594
GA,Haralson,2025,0.065487,0,high,0.0454298053444941,0.020057194655505907
GA,Haralson,2026,0.065729,0,high,0.0454298053444941,0.0202991946555059
GA,Houston,2025,0.074208,0,high,0.0691373480281407,0.005070651971859297
GA,Houston,2026,0.074052,0,high,0.0691373480281407,0.004914651971859307
GA,Lamar,2025,0.061812,0,high,0.0388144923023181,0.0229975076976819
GA,Lamar,2026,0.063332,0,high,0.0388144923023181,0.0245175076976819
GA,Lowndes,2025,0.080341,0,high,0.066658001523114,0.01368299847688599
GA,Lowndes,2026,0.080611,0,high,0.066658001523114,0.013952998476885997
GA,Lumpkin,2025,0.049917,0,high,0.0366707828358444,0.013246217164155603
GA,Lumpkin,2026,0.061341,0,high,0.0366707828358444,0.0246702171641556
GA,Peach,2025,0.073551,0,high,0.0543252202453791,0.019225779754620906
GA,Peach,2026,0.064743,0,high,0.0543252202453791,0.010417779754620896
GA,Spalding,2025,0.081046,0,high,0.0898623843541453,-0.008816384354145293
GA,Spalding,2026,0.080994,0,high,0.0898623843541453,-0.008868384354145303
GA,Troup,2025,0.084426,0,high,0.0663971130371295,0.0180288869628705
GA,Troup,2026,0.084827,0,high,0.0663971130371295,0.018429886962870498
GA,White,2025,0.049487,0,high,0.0397003278373897,0.009786672162610303
GA,White,2026,0.049997,0,high,0.0397003278373897,0.0102966721626103
GA,Whitfield,2025,0.076543,0,high,0.0687626266779629,0.0077803733220370985
GA,Whitfield,2026,0.077273,0,high,0.0687626266779629,0.008510373322037093
HI,Hawaii,2025,0.048873,0,high,0.0501578728524935,-0.0012848728524934988
HI,Hawaii,2026,0.049371,0,high,0.0501578728524935,-0.0007868728524935004
HI,Honolulu,2025,0.039899,0,high,0.0316308952728867,0.008268104727113298
HI,Honolulu,2026,0.039971,0,high,0.0316308952728867,0.008340104727113301
IA,Black Hawk,2025,0.071294,0,high,0.0642361668055045,0.0070578331944955025
IA,Black Hawk,2026,0.070991,0,high,0.0642361668055045,0.006754833194495505
IA,Dubuque,2025,0.063638,0,high,0.0472174424550011,0.016420557544998902
IA,Dubuque,2026,0.063389,0,high,0.0472174424550011,0.016171557544998903
IA,Johnson,2025,0.062544,0,high,0.0450697740221434,0.017474225977856604
IA,Johnson,2026,0.062016,0,high,0.0450697740221434,0.016946225977856604
IA,Linn,2025,0.063947,0,high,0.0476325811742273,0.016314418825772704
IA,Linn,2026,0.063703,0,high,0.0476325811742273,0.016070418825772696
IA,Polk,2025,0.060889,0,high,0.048390079425461,0.012498920574538996
IA,Polk,2026,0.060983,0,high,0.048390079425461,0.012592920574539
IA,Pottawattamie,2025,0.071385,0,high,0.0492322946275904,0.022152705372409605
IA,Pottawattamie,2026,0.071088,0,high,0.0492322946275904,0.0218557053724096
IA,Scott,2025,0.065521,0,high,0.0442281916853332,0.021292808314666796
IA,Scott,2026,0.065111,0,high,0.0442281916853332,0.020882808314666802
IA,Sioux,2025,0.052913,0,high,0.0420567494455494,0.010856250554450601
IA,Sioux,2026,0.053077,0,high,0.0420567494455494,0.011020250554450599
IA,Story,2025,0.059866,0,high,0.0446737573842228,0.015192242615777202
IA,Story,2026,0.060233,0,high,0.0446737573842228,0.015559242615777201
IA,Winneshiek,2025,0.050859,0,high,0.0477385183395891,0.003120481660410901
IA,Winneshiek,2026,0.062195,0,high,0.0477385183395891,0.0144564816604109
IA,Woodbury,2025,0.070973,0,high,0.0582006493665886,0.012772350633411395
IA,Woodbury,2026,0.070903,0,high,0.0582006493665886,0.012702350633411394
ID,Ada,2025,0.053948,0,high,0.0417292250486011,0.012218774951398906
ID,Ada,2026,0.055184,0,high,0.0417292250486011,0.0134547749513989
ID,Bannock,2025,0.066266,0,high,0.0322962872630755,0.03396971273692451
ID,Bannock,2026,0.06581,0,high,0.0322962872630755,0.033513712736924495
ID,Canyon,2025,0.062613,0,high,0.0407952633501353,0.0218177366498647
ID,Canyon,2026,0.062519,0,high,0.0407952633501353,0.021723736649864704
ID,Kootenai,2025,0.055007,0,high,0.0341950958581916,0.020811904141808397
ID,Kootenai,2026,0.056084,0,high,0.0341950958581916,0.0218889041418084
ID,Latah,2025,0.056293,0,high,0.0275939479281273,0.0286990520718727
ID,Latah,2026,0.056645,0,high,0.0275939479281273,0.0290510520718727
ID,Madison,2025,0.057843,0,high,0.0358430572320257,0.021999942767974297
ID,Madison,2026,0.058173,0,high,0.0358430572320257,0.0223299427679743
ID,Nez Perce,2025,0.059675,0,high,0.0326424977788044,0.027032502221195596
ID,Nez Perce,2026,0.059693,0,high,0.0326424977788044,0.0270505022211956
ID,Twin Falls,2025,0.062629,0,high,0.0500413048497513,0.012587695150248705
ID,Twin Falls,2026,0.062448,0,high,0.0500413048497513,0.012406695150248698
IL,Champaign,2025,0.068237,0,high,0.0619351527548947,0.006301847245105303
IL,Champaign,2026,0.067731,0,high,0.0619351527548947,0.005795847245105297
IL,Cook,2025,0.058374,0,high,0.0623185033848203,-0.003944503384820296
IL,Cook,2026,0.058055,0,high,0.0623185033848203,-0.0042635033848202955
IL,DeKalb,2025,0.065747,0,high,0.0539256233629665,0.011821376637033497
IL,DeKalb,2026,0.065283,0,high,0.0539256233629665,0.01135737663703349
IL,DuPage,2025,0.053783,0,high,0.0519917280316597,0.0017912719683403008
IL,DuPage,2026,0.053924,0,high,0.0519917280316597,0.001932271968340303
IL,Kane,2025,0.062094,0,high,0.0609156936083703,0.0011783063916297049
IL,Kane,2026,0.062224,0,high,0.0609156936083703,0.001308306391629703
IL,Lake,2025,0.055678,0,high,0.0549075103308097,0.0007704896691902996
IL,Lake,2026,0.055956,0,high,0.0549075103308097,0.0010484896691903
IL,McLean,2025,0.066966,0,high,0.0756728684047436,-0.008706868404743606
IL,McLean,2026,0.066311,0,high,0.0756728684047436,-0.009361868404743609
IL,Will,2025,0.066982,0,high,0.0769508136772432,-0.009968813677243199
IL,Will,2026,0.067219,0,high,0.0769508136772432,-0.009731813677243198
IN,Allen,2025,0.070054,0,high,0.0479490459380999,0.022104954061900106
IN,Allen,2026,0.06982,0,high,0.0479490459380999,0.021870954061900094
IN,Floyd,2025,0.066329,0,high,0.0441544656091015,0.022174534390898497
IN,Floyd,2026,0.065324,0,high,0.0441544656091015,0.02116953439089849
IN,Gibson,2025,0.069939,0,high,0.0673743458264995,0.002564654173500505
IN,Gibson,2026,0.068686,0,high,0.0673743458264995,0.001311654173500501
IN,Lake,2025,0.073738,0,high,0.0646856122923676,0.009052387707632392
IN,Lake,2026,0.07355,0,high,0.0646856122923676,0.008864387707632398
IN,Marion,2025,0.072345,0,high,0.0731535491000058,-0.0008085491000057871
IN,Marion,2026,0.072454,0,high,0.0731535491000058,-0.0006995491000057891
IN,Monroe,2025,0.064111,0,high,0.0547816775369771,0.009329322463022899
IN,Monroe,2026,0.064148,0,high,0.0547816775369771,0.009366322463022894
IN,Steuben,2025,0.053168,0,high,0.0354332502349597,0.017734749765040303
IN,Steuben,2026,0.069428,0,high,0.0354332502349597,0.03399474976504031
IN,Tippecanoe,2025,0.065068,0,high,0.0605016085869745,0.004566391413025499
IN,Tippecanoe,2026,0.064922,0,high,0.0605016085869745,0.0044203914130254915
IN,Vanderburgh,2025,0.072114,0,high,0.0442312971302884,0.027882702869711597
IN,Vanderburgh,2026,0.072042,0,high,0.0442312971302884,0.027810702869711594
KS,Butler,2025,0.069552,0,high,0.0532505204286372,0.016301479571362805
KS,Butler,2026,0.069257,0,high,0.0532505204286372,0.0160064795713628
KS,Douglas,2025,0.061799,0,high,0.0467322902132586,0.015066709786741399
KS,Douglas,2026,0.062122,0,high,0.0467322902132586,0.015389709786741396
KS,Ellis,2025,0.050918,0,high,0.0617553930311316,-0.010837393031131605
KS,Ellis,2026,0.062236,0,high,0.0617553930311316,0.0004806069688683967
KS,Finney,2025,0.060875,0,high,0.0539606835388918,0.006914316461108197
KS,Finney,2026,0.061189,0,high,0.0539606835388918,0.007228316461108199
KS,Johnson,2025,0.051032,0,high,0.0372727941012241,0.013759205898775898
KS,Johnson,2026,0.051243,0,high,0.0372727941012241,0.013970205898775893
KS,McPherson,2025,0.05893,0,high,0.0533814173649964,0.005548582635003602
KS,McPherson,2026,0.068195,0,high,0.0533814173649964,0.014813582635003604
KS,Riley,2025,0.062571,0,high,0.0596711712305851,0.0028998287694149
KS,Riley,2026,0.061828,0,high,0.0596711712305851,0.0021568287694148994
KS,Sedgwick,2025,0.071163,0,high,0.0551270326464635,0.016035967353536504
KS,Sedgwick,2026,0.07094,0,high,0.0551270326464635,0.015812967353536503
KY,Boone,2025,0.063768,0,high,0.0562948220923977,0.007473177907602303
KY,Boone,2026,0.063591,0,high,0.0562948220923977,0.007296177907602293
KY,Calloway,2025,0.073888,0,high,0.0668884009483694,0.006999599051630598
KY,Calloway,2026,0.07455,0,high,0.0668884009483694,0.007661599051630608
KY,Campbell,2025,0.065698,0,high,0.0735687761158855,-0.007870776115885492
KY,Campbell,2026,0.065305,0,high,0.0735687761158855,-0.008263776115885496
KY,Daviess,2025,0.072792,0,high,0.0632991195991963,0.009492880400803691
KY,Daviess,2026,0.072914,0,high,0.0632991195991963,0.009614880400803702
KY,Fayette,2025,0.060801,0,high,0.054021328868524,0.006779671131475998
KY,Fayette,2026,0.061197,0,high,0.054021328868524,0.007175671131475998
KY,Franklin,2025,0.072241,0,high,0.0543601558654953,0.0178808441345047
KY,Franklin,2026,0.07206,0,high,0.0543601558654953,0.0176998441345047
KY,Hardin,2025,0.070778,0,high,0.0595389242675825,0.011239075732417496
KY,Hardin,2026,0.070081,0,high,0.0595389242675825,0.010542075732417507
KY,Jefferson,2025,0.066414,0,high,0.0642422481921913,0.0021717518078086945
KY,Jefferson,2026,0.065955,0,high,0.0642422481921913,0.0017127518078086934
KY,Jessamine,2025,0.06429,0,high,0.051920795130945,0.012369204869055003
KY,Jessamine,2026,0.06394,0,high,0.051920795130945,0.012019204869055
KY,Madison,2025,0.065046,0,high,0.0488898362200672,0.016156163779932807
KY,Madison,2026,0.06443,0,high,0.0488898362200672,0.015540163779932802
KY,McCracken,2025,0.0731,0,high,0.0566810349462799,0.0164189650537201
KY,McCracken,2026,0.073505,0,high,0.0566810349462799,0.0168239650537201
KY,Warren,2025,0.063256,0,high,0.0547153374895767,0.008540662510423305
KY,Warren,2026,0.062911,0,high,0.0547153374895767,0.008195662510423293
KY,Woodford,2025,0.060554,0,high,0.0401166383535609,0.020437361646439098
KY,Woodford,2026,0.060549,0,high,0.0401166383535609,0.0204323616464391
MA,Bristol,2025,0.047746,0,high,0.0431362344458242,0.004609765554175797
MA,Bristol,2026,0.048201,0,high,0.0431362344458242,0.005064765554175801
MA,Essex,2025,0.043226,0,high,0.0380993016004755,0.005126698399524503
MA,Essex,2026,0.043425,0,high,0.0380993016004755,0.0053256983995245005
MA,Hampshire,2025,0.049721,0,high,0.0719099051289482,-0.022188905128948194
MA,Hampshire,2026,0.049574,0,high,0.0719099051289482,-0.022335905128948196
MA,Middlesex,2025,0.043785,0,high,0.0383379532931389,0.0054470467068610945
MA,Middlesex,2026,0.044138,0,high,0.0383379532931389,0.005800046706861094
MA,Norfolk,2025,0.044877,0,high,0.0382507790506797,0.006626220949320298
MA,Norfolk,2026,0.045192,0,high,0.0382507790506797,0.006941220949320301
MA,Plymouth,2025,0.047266,0,high,0.042534345089234,0.004731654910765999
MA,Plymouth,2026,0.047405,0,high,0.042534345089234,0.004870654910765999
MA,Suffolk,2025,0.048648,0,high,0.0497301809217473,-0.0010821809217473055
MA,Suffolk,2026,0.04897,0,high,0.0497301809217473,-0.0007601809217473027
MA,Worcester,2025,0.050632,0,high,0.0503234772946419,0.00030852270535810383
MA,Worcester,2026,0.050741,0,high,0.0503234772946419,0.0004175227053581018
MD,Anne Arundel,2025,0.049441,0,high,0.0420543702125611,0.0073866297874388975
MD,Anne Arundel,2026,0.049668,0,high,0.0420543702125611,0.007613629787438896
MD,Baltimore,2025,0.054927,0,high,0.0441138044032295,0.010813195596770499
MD,Baltimore,2026,0.054793,0,high,0.0441138044032295,0.010679195596770504
MD,Carroll,2025,0.049693,0,high,0.043665953281379,0.006027046718621004
MD,Carroll,2026,0.049822,0,high,0.043665953281379,0.006156046718621001
MD,Charles,2025,0.055788,0,high,0.0600719475786301,-0.004283947578630105
MD,Charles,2026,0.056186,0,high,0.0600719475786301,-0.003885947578630103
MD,Frederick,2025,0.056493,0,high,0.0494202180403397,0.007072781959660303
MD,Frederick,2026,0.056442,0,high,0.0494202180403397,0.0070217819596603
MD,Howard,2025,0.044191,0,high,0.0324203735050954,0.011770626494904603
MD,Howard,2026,0.044276,0,high,0.0324203735050954,0.011855626494904604
MD,Washington,2025,0.063796,0,high,0.0439304459348314,0.019865554065168607
MD,Washington,2026,0.063898,0,high,0.0439304459348314,0.019967554065168598
MD,Wicomico,2025,0.06586,0,high,0.0699781465927263,-0.004118146592726302
MD,Wicomico,2026,0.065569,0,high,0.0699781465927263,-0.004409146592726301
ME,Androscoggin,2025,0.069248,0,high,0.0499061608687477,0.019341839131252307
ME,Androscoggin,2026,0.068721,0,high,0.0499061608687477,0.018814839131252308
ME,Cumberland,2025,0.051646,0,high,0.0485600809232594,0.0030859190767405995
ME,Cumberland,2026,0.051972,0,high,0.0485600809232594,0.0034119190767405994
ME,Kennebec,2025,0.069385,0,high,0.052914003295392,0.016470996704608006
ME,Kennebec,2026,0.068685,0,high,0.052914003295392,0.015770996704608
ME,Penobscot,2025,0.072394,0,high,0.068396249858521,0.003997750141479003
ME,Penobscot,2026,0.072414,0,high,0.068396249858521,0.0040177501414790096
ME,Waldo,2025,0.049447,0,high,0.0400969274855069,0.009350072514493095
ME,Waldo,2026,0.049187,0,high,0.0400969274855069,0.009090072514493099
ME,York,2025,0.058715,0,high,0.0485445310058867,0.0101704689941133
ME,York,2026,0.059414,0,high,0.0485445310058867,0.010869468994113299
MI,Berrien,2025,0.070624,0,high,0.0590120624826541,0.011611937517345905
MI,Berrien,2026,0.070386,0,high,0.0590120624826541,0.011373937517345903
MI,Cass,2025,0.055332,0,high,0.0407147247009824,0.014617275299017601
MI,Cass,2026,0.056129,0,high,0.0407147247009824,0.0154142752990176
MI,Emmet,2025,0.045061,0,high,0.0418616822599492,0.0031993177400507986
MI,Emmet,2026,0.044959,0,high,0.0418616822599492,0.0030973177400508006
MI,Grand Traverse,2025,0.065669,0,high,0.0562422428053219,0.009426757194678108
MI,Grand Traverse,2026,0.06621,0,high,0.0562422428053219,0.009967757194678108
MI,Kalamazoo,2025,0.064814,0,high,0.0651716488131881,-0.00035764881318810227
MI,Kalamazoo,2026,0.064663,0,high,0.0651716488131881,-0.0005086488131881006
MI,Kent,2025,0.06062,0,high,0.0517072608650821,0.0089127391349179
MI,Kent,2026,0.06086,0,high,0.0517072608650821,0.009152739134917896
MI,Macomb,2025,0.062024,0,high,0.0612816125719822,0.0007423874280178058
MI,Macomb,2026,0.062261,0,high,0.0612816125719822,0.0009793874280178
MI,Marquette,2025,0.067353,0,high,0.09908413871208,-0.03173113871208
MI,Marquette,2026,0.066953,0,high,0.09908413871208,-0.032131138712079996
MI,Oakland,2025,0.057552,0,high,0.0503200646440433,0.0072319353559566965
MI,Oakland,2026,0.059143,0,high,0.0503200646440433,0.008822935355956699
MI,Ottawa,2025,0.065418,0,high,0.0487376348581886,0.016680365141811405
MI,Ottawa,2026,0.065501,0,high,0.0487376348581886,0.016763365141811405
MI,Washtenaw,2025,0.054624,0,high,0.0556157548095995,-0.000991754809599503
MI,Washtenaw,2026,0.054763,0,high,0.0556157548095995,-0.0008527548095995027
MN,Beltrami,2025,0.063924,0,high,0.0642199488892776,-0.0002959488892776002
MN,Beltrami,2026,0.063437,0,high,0.0642199488892776,-0.0007829488892776015
MN,Blue Earth,2025,0.065079,0,high,0.0570551133469744,0.0080238866530256
MN,Blue Earth,2026,0.064881,0,high,0.0570551133469744,0.007825886653025596
MN,Clay,2025,0.06209,0,high,0.0530185104732159,0.009071489526784098
MN,Clay,2026,0.061938,0,high,0.0530185104732159,0.008919489526784098
MN,Crow Wing,2025,0.041542,0,high,0.0334901697166093,0.008051830283390703
MN,Crow Wing,2026,0.057307,0,high,0.0334901697166093,0.023816830283390697
MN,Dakota,2025,0.055235,0,high,0.047605625286154,0.0076293747138459975
MN,Dakota,2026,0.055587,0,high,0.047605625286154,0.007981374713845996
MN,Douglas,2025,0.039287,0,high,0.0372749296870075,0.0020120703129925047
MN,Douglas,2026,0.057793,0,high,0.0372749296870075,0.0205180703129925
MN,Hennepin,2025,0.049536,0,high,0.0326876533252644,0.016848346674735594
MN,Hennepin,2026,0.049569,0,high,0.0326876533252644,0.0168813466747356
MN,Kandiyohi,2025,0.052868,0,high,0.0408597565662456,0.012008243433754395
MN,Kandiyohi,2026,0.05286,0,high,0.0408597565662456,0.012000243433754394
MN,Lyon,2025,0.05795,0,high,0.054189003102839,0.003760996897161001
MN,Lyon,2026,0.072044,0,high,0.054189003102839,0.017854996897160996
MN,Nicollet,2025,0.052897,0,high,0.0428084966649215,0.010088503335078498
MN,Nicollet,2026,0.061305,0,high,0.0428084966649215,0.018496503335078497
MN,Olmsted,2025,0.062467,0,high,0.0518095436177303,0.010657456382269705
MN,Olmsted,2026,0.062202,0,high,0.0518095436177303,0.010392456382269703
MN,Otter Tail,2025,0.042617,0,high,0.0352768613707526,0.0073401386292474
MN,Otter Tail,2026,0.05938,0,high,0.0352768613707526,0.0241031386292474
MN,Polk,2025,0.052444,0,high,0.0460477365331799,0.006396263466820096
MN,Polk,2026,0.064856,0,high,0.0460477365331799,0.018808263466820095
MN,Ramsey,2025,0.057039,0,high,0.0431819166811035,0.013857083318896499
MN,Ramsey,2026,0.058026,0,high,0.0431819166811035,0.0148440833188965
MN,Rice,2025,0.063188,0,high,0.0370539527078831,0.026134047292116894
MN,Rice,2026,0.063255,0,high,0.0370539527078831,0.026201047292116905
MN,Stearns,2025,0.065454,0,high,0.0441289708978819,0.0213250291021181
MN,Stearns,2026,0.065407,0,high,0.0441289708978819,0.02127802910211811
MN,Washington,2025,0.056553,0,high,0.046300808860687,0.010252191139313
MN,Washington,2026,0.056427,0,high,0.046300808860687,0.010126191139312998
MN,Winona,2025,0.064095,0,high,0.0440210608877612,0.0200739391122388
MN,Winona,2026,0.063806,0,high,0.0440210608877612,0.019784939112238803
MO,Boone,2025,0.059621,0,high,0.0424213020314533,0.0171996979685467
MO,Boone,2026,0.059942,0,high,0.0424213020314533,0.017520697968546703
MO,Callaway,2025,0.054885,0,high,0.0394928505564298,0.015392149443570202
MO,Callaway,2026,0.070808,0,high,0.0394928505564298,0.031315149443570195
MO,Cape Girardeau,2025,0.066124,0,high,0.0566037324063509,0.009520267593649101
MO,Cape Girardeau,2026,0.065551,0,high,0.0566037324063509,0.008947267593649097
MO,Cole,2025,0.06466,0,high,0.0329796873657929,0.0316803126342071
MO,Cole,2026,0.064403,0,high,0.0329796873657929,0.031423312634207105
MO,Franklin,2025,0.054742,0,high,0.0420510121985832,0.012690987801416802
MO,Franklin,2026,0.067498,0,high,0.0420510121985832,0.025446987801416805
MO,Greene,2025,0.067036,0,high,0.0557222130290855,0.0113137869709145
MO,Greene,2026,0.066865,0,high,0.0557222130290855,0.011142786970914496
MO,Jackson,2025,0.070229,0,high,0.0581763058795163,0.012052694120483702
MO,Jackson,2026,0.069873,0,high,0.0581763058795163,0.011696694120483707
MO,Johnson,2025,0.068504,0,high,0.0470974939346644,0.021406506065335597
MO,Johnson,2026,0.067903,0,high,0.0470974939346644,0.020805506065335606
MO,Phelps,2025,0.069597,0,high,0.0552313572692825,0.014365642730717505
MO,Phelps,2026,0.068969,0,high,0.0552313572692825,0.013737642730717502
MO,Platte,2025,0.063396,0,high,0.0599988273244994,0.003397172675500597
MO,Platte,2026,0.06333,0,high,0.0599988273244994,0.0033311726755006
MO,Polk,2025,0.073968,0,high,0.0382154936439333,0.03575250635606671
MO,Polk,2026,0.062853,0,high,0.0382154936439333,0.024637506356066707
MS,Lafayette,2025,0.056453,0,high,0.0757777996468237,-0.019324799646823695
MS,Lafayette,2026,0.056719,0,high,0.0757777996468237,-0.0190587996468237
MS,Oktibbeha,2025,0.062937,0,high,0.0765433324015901,-0.013606332401590093
MS,Oktibbeha,2026,0.062626,0,high,0.0765433324015901,-0.013917332401590099
MS,Pearl River,2025,0.064982,0,high,0.0537045542372858,0.011277445762714201
MS,Pearl River,2026,0.065201,0,high,0.0537045542372858,0.011496445762714198
MS,Tate,2025,0.066114,0,high,0.0505644542151362,0.015549545784863804
MS,Tate,2026,0.065514,0,high,0.0505644542151362,0.0149495457848638
MT,Cascade,2025,0.060569,0,high,0.0463890388944334,0.014179961105566595
MT,Cascade,2026,0.060213,0,high,0.0463890388944334,0.0138239611055666
MT,Gallatin,2025,0.047375,0,high,0.03707746439626,0.010297535603739999
MT,Gallatin,2026,0.047793,0,high,0.03707746439626,0.01071553560374
MT,Lewis and Clark,2025,0.05999,0,high,0.0447630192626177,0.015226980737382302
MT,Lewis and Clark,2026,0.060132,0,high,0.0447630192626177,0.015368980737382298
MT,Missoula,2025,0.046753,0,high,0.0294875029712598,0.017265497028740202
MT,Missoula,2026,0.047767,0,high,0.0294875029712598,0.018279497028740196
MT,Silver Bow,2025,0.069961,0,high,0.0482098575842055,0.021751142415794497
MT,Silver Bow,2026,0.069779,0,high,0.0482098575842055,0.021569142415794496
MT,Yellowstone,2025,0.060912,0,high,0.0406670992584565,0.020244900741543503
MT,Yellowstone,2026,0.060371,0,high,0.0406670992584565,0.019703900741543504
NC,Alamance,2025,0.069753,0,high,0.0545150038721448,0.015237996127855195
NC,Alamance,2026,0.069539,0,high,0.0545150038721448,0.015023996127855203
NC,Buncombe,2025,0.060125,0,high,0.0447809027844328,0.015344097215567197
NC,Buncombe,2026,0.060461,0,high,0.0447809027844328,0.0156800972155672
NC,Catawba,2025,0.071546,0,high,0.0535334666880618,0.0180125333119382
NC,Catawba,2026,0.07166,0,high,0.0535334666880618,0.018126533311938205
NC,Cleveland,2025,0.071592,0,high,0.0747840737614772,-0.0031920737614771905
NC,Cleveland,2026,0.07232,0,high,0.0747840737614772,-0.002464073761477198
NC,Durham,2025,0.061015,0,high,0.0467417714665248,0.0142732285334752
NC,Durham,2026,0.061701,0,high,0.0467417714665248,0.0149592285334752
NC,Forsyth,2025,0.066823,0,high,0.0611282316945081,0.0056947683054918916
NC,Forsyth,2026,0.066168,0,high,0.0611282316945081,0.005039768305491903
NC,Gaston,2025,0.074645,0,high,0.0652302657769889,0.009414734223011104
NC,Gaston,2026,0.074553,0,high,0.0652302657769889,0.009322734223011095
NC,Guilford,2025,0.067056,0,high,0.0516390432396528,0.015416956760347204
NC,Guilford,2026,0.066583,0,high,0.0516390432396528,0.014943956760347203
NC,Harnett,2025,0.078831,0,high,0.0701107498886995,0.008720250111300495
NC,Harnett,2026,0.078286,0,high,0.0701107498886995,0.008175250111300492
NC,Haywood,2025,0.059164,0,high,0.0346304338593906,0.0245335661406094
NC,Haywood,2026,0.058782,0,high,0.0346304338593906,0.0241515661406094
NC,Jackson,2025,0.053894,0,high,0.0209226465858854,0.0329713534141146
NC,Jackson,2026,0.05395,0,high,0.0209226465858854,0.0330273534141146
NC,Lee,2025,0.076681,0,high,0.0711914783957731,0.005489521604226902
NC,Lee,2026,0.076857,0,high,0.0711914783957731,0.0056655216042268974
NC,Mecklenburg,2025,0.059185,0,high,0.042872059947398,0.016312940052602004
NC,Mecklenburg,2026,0.059978,0,high,0.042872059947398,0.017105940052602
NC,Moore,2025,0.06541,0,high,0.0657765218406536,-0.0003665218406536108
NC,Moore,2026,0.065986,0,high,0.0657765218406536,0.00020947815934639624
NC,New Hanover,2025,0.056682,0,high,0.0263761951107684,0.030305804889231604
NC,New Hanover,2026,0.05791,0,high,0.0263761951107684,0.031533804889231604
NC,Orange,2025,0.049995,0,high,0.0404767113039457,0.009518288696054297
NC,Orange,2026,0.050403,0,high,0.0404767113039457,0.009926288696054303
NC,Pasquotank,2025,0.067408,0,high,0.0663281901417474,0.001079809858252595
NC,Pasquotank,2026,0.066899,0,high,0.0663281901417474,0.0005708098582525994
NC,Pitt,2025,0.073843,0,high,0.0745995531129854,-0.000756553112985392
NC,Pitt,2026,0.07394,0,high,0.0745995531129854,-0.0006595531129853921
NC,Rowan,2025,0.075448,0,high,0.0497657040131401,0.0256822959868599
NC,Rowan,2026,0.075726,0,high,0.0497657040131401,0.0259602959868599
NC,Rutherford,2025,0.061005,0,high,0.0391817963535115,0.021823203646488494
NC,Rutherford,2026,0.06092,0,high,0.0391817963535115,0.0217382036464885
NC,Stanly,2025,0.058602,0,high,0.0351505121638323,0.023451487836167705
NC,Stanly,2026,0.059783,0,high,0.0351505121638323,0.024632487836167706
NC,Wake,2025,0.051843,0,high,0.0445566739375119,0.007286326062488101
NC,Wake,2026,0.051901,0,high,0.0445566739375119,0.007344326062488103
NC,Watauga,2025,0.051438,0,high,0.0277127906804397,0.0237252093195603
NC,Watauga,2026,0.052505,0,high,0.0277127906804397,0.024792209319560304
ND,Burleigh,2025,0.052285,0,high,0.0454395165826881,0.0068454834173119
ND,Burleigh,2026,0.052357,0,high,0.0454395165826881,0.006917483417311902
ND,Cass,2025,0.061229,0,high,0.0495688742647944,0.011660125735205598
ND,Cass,2026,0.061077,0,high,0.0495688742647944,0.011508125735205599
ND,Grand Forks,2025,0.057473,0,high,0.0531236961174958,0.0043493038825042005
ND,Grand Forks,2026,0.05754,0,high,0.0531236961174958,0.004416303882504198
ND,Ward,2025,0.050619,0,high,0.0432021032717616,0.007416896728238399
ND,Ward,2026,0.051264,0,high,0.0432021032717616,0.008061896728238399
NE,Buffalo,2025,0.063688,0,high,0.0581299067971419,0.0055580932028580915
NE,Buffalo,2026,0.063455,0,high,0.0581299067971419,0.005325093202858094
NE,Douglas,2025,0.059798,0,high,0.0433888581396607,0.016409141860339295
NE,Douglas,2026,0.059951,0,high,0.0433888581396607,0.016562141860339295
NE,Hall,2025,0.071133,0,high,0.0547213280254205,0.016411671974579503
NE,Hall,2026,0.071007,0,high,0.0547213280254205,0.016285671974579502
NE,Lancaster,2025,0.057846,0,high,0.034706996017382,0.023139003982618
NE,Lancaster,2026,0.057705,0,high,0.034706996017382,0.022998003982617997
NE,Madison,2025,0.073137,0,high,0.0457428909728145,0.027394109027185497
NE,Madison,2026,0.073193,0,high,0.0457428909728145,0.027450109027185497
NE,Sarpy,2025,0.061966,0,high,0.043646682644623,0.018319317355377
NE,Sarpy,2026,0.061752,0,high,0.043646682644623,0.018105317355377
NE,Seward,2025,0.053148,0,high,0.0397969780902054,0.013351021909794598
NE,Seward,2026,0.053223,0,high,0.0397969780902054,0.013426021909794597
NE,Wayne,2025,0.069003,0,high,0.0410257015299123,0.027977298470087696
NE,Wayne,2026,0.069053,0,high,0.0410257015299123,0.028027298470087704
NH,Cheshire,2025,0.062537,0,high,0.0584649463441577,0.004072053655842296
NH,Cheshire,2026,0.062635,0,high,0.0584649463441577,0.004170053655842297
NH,Grafton,2025,0.05909,0,high,0.0648879020167794,-0.005797902016779398
NH,Grafton,2026,0.059363,0,high,0.0648879020167794,-0.0055249020167793955
NH,Hillsborough,2025,0.054852,0,high,0.0509285186875282,0.003923481312471798
NH,Hillsborough,2026,0.054981,0,high,0.0509285186875282,0.004052481312471802
NH,Merrimack,2025,0.056843,0,high,0.0436729115928895,0.013170088407110495
NH,Merrimack,2026,0.05732,0,high,0.0436729115928895,0.0136470884071105
NH,Strafford,2025,0.061579,0,high,0.0489462503659007,0.0126327496340993
NH,Strafford,2026,0.061838,0,high,0.0489462503659007,0.012891749634099295
NJ,Bergen,2025,0.044781,0,high,0.0402474745239382,0.004533525476061805
NJ,Bergen,2026,0.045001,0,high,0.0402474745239382,0.004753525476061803
NJ,Essex,2025,0.045394,0,high,0.036425455242963,0.008968544757036997
NJ,Essex,2026,0.045535,0,high,0.036425455242963,0.009109544757037
NJ,Hudson,2025,0.052708,0,high,0.0554451725384444,-0.002737172538444403
NJ,Hudson,2026,0.052713,0,high,0.0554451725384444,-0.002732172538444398
NJ,Mercer,2025,0.057259,0,high,0.0516689812558749,0.005590018744125097
NJ,Mercer,2026,0.057479,0,high,0.0516689812558749,0.005810018744125102
NJ,Middlesex,2025,0.054306,0,high,0.0556091787607913,-0.0013031787607913
NJ,Middlesex,2026,0.054365,0,high,0.0556091787607913,-0.0012441787607913035
NJ,Passaic,2025,0.050808,0,high,0.0486323069327242,0.0021756930672758024
NJ,Passaic,2026,0.050878,0,high,0.0486323069327242,0.002245693067275803
NJ,Union,2025,0.044189,0,high,0.0428167954299415,0.0013722045700585023
NJ,Union,2026,0.044233,0,high,0.0428167954299415,0.0014162045700585046
NM,Bernalillo,2025,0.05585,0,high,0.0384266631296249,0.017423336870375096
NM,Bernalillo,2026,0.056235,0,high,0.0384266631296249,0.0178083368703751
NM,Eddy,2025,0.06939,0,high,0.0628159087265239,0.006574091273476093
NM,Eddy,2026,0.068644,0,high,0.0628159087265239,0.0058280912734760965
NM,Santa Fe,2025,0.052038,0,high,0.0500820836483925,0.001955916351607502
NM,Santa Fe,2026,0.052299,0,high,0.0500820836483925,0.0022169163516074994
NV,Carson City,2025,0.053658,0,high,0.0442834596271196,0.0093745403728804
NV,Carson City,2026,0.055025,0,high,0.0442834596271196,0.010741540372880401
NV,Clark,2025,0.058218,0,high,0.0528761434691506,0.005341856530849398
NV,Clark,2026,0.06009,0,high,0.0528761434691506,0.007213856530849397
NV,Elko,2025,0.049132,0,high,0.0484026071955622,0.0007293928044378034
NV,Elko,2026,0.064401,0,high,0.0484026071955622,0.0159983928044378
NV,Washoe,2025,0.047932,0,high,0.0362568272097284,0.011675172790271603
NV,Washoe,2026,0.049047,0,high,0.0362568272097284,0.0127901727902716
NY,Dutchess,2025,0.056702,0,high,0.0528924328359448,0.0038095671640552
NY,Dutchess,2026,0.056705,0,high,0.0528924328359448,0.003812567164055196
NY,Nassau,2025,0.044045,0,high,0.0396670461732125,0.0043779538267875034
NY,Nassau,2026,0.044324,0,high,0.0396670461732125,0.004656953826787505
NY,Orange,2025,0.056184,0,high,0.0539934981757455,0.0021905018242544955
NY,Orange,2026,0.056221,0,high,0.0539934981757455,0.0022275018242544978
NY,Queens,2025,0.047155,0,high,0.0559703114628691,-0.008815311462869097
NY,Queens,2026,0.047469,0,high,0.0559703114628691,-0.008501311462869102
NY,Rockland,2025,0.045505,0,high,0.0457394274467235,-0.0002344274467235008
NY,Rockland,2026,0.045634,0,high,0.0457394274467235,-0.00010542744672349669
NY,Suffolk,2025,0.038899,0,high,0.02753692298198,0.011362077018020004
NY,Suffolk,2026,0.03886,0,high,0.02753692298198,0.01132307701802
NY,Ulster,2025,0.063633,0,high,0.0564798774332061,0.007153122566793894
NY,Ulster,2026,0.063964,0,high,0.0564798774332061,0.007484122566793892
NY,Westchester,2025,0.041867,0,high,0.037359163043128,0.0045078369568719995
NY,Westchester,2026,0.042081,0,high,0.037359163043128,0.004721836956871998
OH,Ashland,2025,0.073953,0,high,0.0422358073648994,0.0317171926351006
OH,Ashland,2026,0.073869,0,high,0.0422358073648994,0.0316331926351006
OH,Athens,2025,0.076205,0,high,0.0748820514487424,0.0013229485512575995
OH,Athens,2026,0.081571,0,high,0.0748820514487424,0.006688948551257609
OH,Butler,2025,0.070295,0,high,0.0607693926974454,0.009525607302554598
OH,Butler,2026,0.069668,0,high,0.0607693926974454,0.008898607302554595
OH,Champaign,2025,0.061415,0,high,0.0514544887869789,0.009960511213021099
OH,Champaign,2026,0.060737,0,high,0.0514544887869789,0.009282511213021101
OH,Clermont,2025,0.065408,0,high,0.0698637276305536,-0.004455727630553602
OH,Clermont,2026,0.064689,0,high,0.0698637276305536,-0.005174727630553599
OH,Cuyahoga,2025,0.064903,0,high,0.052603506439389,0.012299493560611004
OH,Cuyahoga,2026,0.064886,0,high,0.052603506439389,0.012282493560611
OH,Erie,2025,0.058281,0,high,0.048136886803388,0.010144113196612
OH,Erie,2026,0.059897,0,high,0.048136886803388,0.011760113196612
OH,Franklin,2025,0.062009,0,high,0.0489590630814123,0.013049936918587704
OH,Franklin,2026,0.062273,0,high,0.0489590630814123,0.013313936918587704
OH,Geauga,2025,0.046493,0,high,0.0427612632859375,0.003731736714062503
OH,Geauga,2026,0.047093,0,high,0.0427612632859375,0.004331736714062506
OH,Greene,2025,0.065293,0,high,0.0531702348784451,0.012122765121554906
OH,Greene,2026,0.065057,0,high,0.0531702348784451,0.011886765121554906
OH,Hamilton,2025,0.066888,0,high,0.048789481550882,0.018098518449118
OH,Hamilton,2026,0.066282,0,high,0.048789481550882,0.01749251844911799
OH,Hancock,2025,0.071695,0,high,0.0644392490488246,0.007255750951175394
OH,Hancock,2026,0.071419,0,high,0.0644392490488246,0.006979750951175395
OH,Knox,2025,0.055917,0,high,0.0402834467435528,0.015633553256447198
OH,Knox,2026,0.0562,0,high,0.0402834467435528,0.015916553256447197
OH,Lake,2025,0.066141,0,high,0.0571283859037208,0.009012614096279202
OH,Lake,2026,0.065921,0,high,0.0571283859037208,0.00879261409627919
OH,Licking,2025,0.067623,0,high,0.0409259484263385,0.0266970515736615
OH,Licking,2026,0.067031,0,high,0.0409259484263385,0.02610505157366149
OH,Lorain,2025,0.071136,0,high,0.0462105127775843,0.024925487222415707
OH,Lorain,2026,0.071159,0,high,0.0462105127775843,0.024948487222415702
OH,Miami,2025,0.069233,0,high,0.0647020002181398,0.004530999781860209
OH,Miami,2026,0.068994,0,high,0.0647020002181398,0.004291999781860206
OH,Montgomery,2025,0.073727,0,high,0.0768845400677238,-0.003157540067723799
OH,Montgomery,2026,0.074002,0,high,0.0768845400677238,-0.0028825400677238017
OH,Muskingum,2025,0.073809,0,high,0.0506762780064588,0.023132721993541203
OH,Muskingum,2026,0.07402,0,high,0.0506762780064588,0.023343721993541205
OH,Pickaway,2025,0.055088,0,high,0.042180190924001,0.012907809075998998
OH,Pickaway,2026,0.065695,0,high,0.042180190924001,0.023514809075999003
OH,Portage,2025,0.070748,0,high,0.0710343736192535,-0.00028637361925348825
OH,Portage,2026,0.069775,0,high,0.0710343736192535,-0.00125937361925349
OH,Stark,2025,0.069458,0,high,0.0672872222065375,0.0021707777934625028
OH,Stark,2026,0.069515,0,high,0.0672872222065375,0.0022277777934624904
OH,Summit,2025,0.071329,0,high,0.0475938237831972,0.0237351762168028
OH,Summit,2026,0.07098,0,high,0.0475938237831972,0.0233861762168028
OH,Washington,2025,0.061656,0,high,0.0637184006350126,-0.002062400635012604
OH,Washington,2026,0.075008,0,high,0.0637184006350126,0.011289599364987399
OH,Wayne,2025,0.068365,0,high,0.0642207159728668,0.0041442840271331965
OH,Wayne,2026,0.067895,0,high,0.0642207159728668,0.0036742840271331983
OH,Wood,2025,0.064997,0,high,0.0954097905931448,-0.030412790593144806
OH,Wood,2026,0.064775,0,high,0.0954097905931448,-0.030634790593144806
OK,Cleveland,2025,0.070013,0,high,0.0787975852195518,-0.008784585219551791
OK,Cleveland,2026,0.069861,0,high,0.0787975852195518,-0.00893658521955179
OK,Custer,2025,0.068352,0,high,0.068688532070218,-0.0003365320702179986
OK,Custer,2026,0.069092,0,high,0.068688532070218,0.00040346792978200596
OK,Logan,2025,0.066827,0,high,0.0417432579742945,0.0250837420257055
OK,Logan,2026,0.066111,0,high,0.0417432579742945,0.024367742025705505
OK,Oklahoma,2025,0.069488,0,high,0.0570424811941582,0.012445518805841792
OK,Oklahoma,2026,0.068973,0,high,0.0570424811941582,0.011930518805841804
OK,Payne,2025,0.067357,0,high,0.0836931203799611,-0.0163361203799611
OK,Payne,2026,0.067021,0,high,0.0836931203799611,-0.016672120379961103
OK,Pontotoc,2025,0.075316,0,high,0.0619442318882492,0.013371768111750795
OK,Pontotoc,2026,0.075338,0,high,0.0619442318882492,0.013393768111750803
OK,Rogers,2025,0.068185,0,high,0.0680180278551736,0.0001669721448264022
OK,Rogers,2026,0.067781,0,high,0.0680180278551736,-0.00023702785517359937
OK,Tulsa,2025,0.069798,0,high,0.0721555818880896,-0.0023575818880895993
OK,Tulsa,2026,0.069169,0,high,0.0721555818880896,-0.002986581888089604
OR,Benton,2025,0.046806,0,high,0.0440429774525219,0.0027630225474781014
OR,Benton,2026,0.047187,0,high,0.0440429774525219,0.003144022547478101
OR,Clackamas,2025,0.043168,0,high,0.0382085057879069,0.004959494212093095
OR,Clackamas,2026,0.043318,0,high,0.0382085057879069,0.005109494212093099
OR,Deschutes,2025,0.047449,0,high,0.0435610970745372,0.0038879029254627953
OR,Deschutes,2026,0.047848,0,high,0.0435610970745372,0.004286902925462799
OR,Jackson,2025,0.050465,0,high,0.0497568599139454,0.0007081400860546039
OR,Jackson,2026,0.051504,0,high,0.0497568599139454,0.0017471400860546021
OR,Josephine,2025,0.050203,0,high,0.0445039789389869,0.005699021061013096
OR,Josephine,2026,0.05118,0,high,0.0445039789389869,0.0066760210610131016
OR,Klamath,2025,0.063475,0,high,0.0495260538217129,0.013948946178287104
OR,Klamath,2026,0.063482,0,high,0.0495260538217129,0.013955946178287097
OR,Lane,2025,0.050973,0,high,0.0430234642163033,0.007949535783696698
OR,Lane,2026,0.052343,0,high,0.0430234642163033,0.009319535783696702
OR,Linn,2025,0.058543,0,high,0.0395281318542469,0.019014868145753094
OR,Linn,2026,0.059017,0,high,0.0395281318542469,0.019488868145753097
OR,Malheur,2025,0.065873,0,high,0.0282975984337445,0.0375754015662555
OR,Malheur,2026,0.067469,0,high,0.0282975984337445,0.0391714015662555
OR,Marion,2025,0.058615,0,high,0.0401972114383712,0.018417788561628803
OR,Marion,2026,0.059711,0,high,0.0401972114383712,0.019513788561628803
OR,Multnomah,2025,0.045296,0,high,0.0399264064017078,0.005369593598292206
OR,Multnomah,2026,0.045361,0,high,0.0399264064017078,0.005434593598292202
OR,Polk,2025,0.055995,0,high,0.0337839541976178,0.0222110458023822
OR,Polk,2026,0.057348,0,high,0.0337839541976178,0.0235640458023822
OR,Umatilla,2025,0.066581,0,high,0.0553058962190698,0.011275103780930204
OR,Umatilla,2026,0.066001,0,high,0.0553058962190698,0.010695103780930207
OR,Union,2025,0.060171,0,high,0.0365001021396568,0.023670897860343203
OR,Union,2026,0.060031,0,high,0.0365001021396568,0.0235308978603432
OR,Yamhill,2025,0.047535,0,high,0.0474972479999775,3.77520000224979e-05
OR,Yamhill,2026,0.047562,0,high,0.0474972479999775,6.475200002249715e-05
PA,Allegheny,2025,0.071433,0,high,0.0718359969706034,-0.0004029969706034059
PA,Allegheny,2026,0.070752,0,high,0.0718359969706034,-0.001083996970603407
PA,Berks,2025,0.065385,0,high,0.0518323785355116,0.0135526214644884
PA,Berks,2026,0.065249,0,high,0.0518323785355116,0.013416621464488403
PA,Butler,2025,0.064906,0,high,0.0759466458242717,-0.011040645824271694
PA,Butler,2026,0.065326,0,high,0.0759466458242717,-0.010620645824271704
PA,Centre,2025,0.063887,0,high,0.0728625948860297,-0.008975594886029697
PA,Centre,2026,0.063652,0,high,0.0728625948860297,-0.009210594886029697
PA,Chester,2025,0.050116,0,high,0.0427909181453305,0.007325081854669499
PA,Chester,2026,0.050026,0,high,0.0427909181453305,0.007235081854669499
PA,Columbia,2025,0.07239,0,high,0.0472201916673163,0.025169808332683695
PA,Columbia,2026,0.071853,0,high,0.0472201916673163,0.0246328083326837
PA,Cumberland,2025,0.065443,0,high,0.061502844344136,0.003940155655864003
PA,Cumberland,2026,0.065099,0,high,0.061502844344136,0.0035961556558640057
PA,Dauphin,2025,0.07134,0,high,0.0668721619782339,0.0044678380217661046
PA,Dauphin,2026,0.070684,0,high,0.0668721619782339,0.0038118380217661008
PA,Delaware,2025,0.057522,0,high,0.0508978612371291,0.0066241387628709
PA,Delaware,2026,0.058591,0,high,0.0508978612371291,0.0076931387628709005
PA,Lackawanna,2025,0.072431,0,high,0.0682630002302692,0.0041679997697307986
PA,Lackawanna,2026,0.071723,0,high,0.0682630002302692,0.0034599997697307983
PA,Lehigh,2025,0.061023,0,high,0.0626811638865698,-0.001658163886569801
PA,Lehigh,2026,0.061078,0,high,0.0626811638865698,-0.0016031638865698014
PA,Lycoming,2025,0.070212,0,high,0.0555601439735018,0.014651856026498197
PA,Lycoming,2026,0.069343,0,high,0.0555601439735018,0.013782856026498203
PA,Montgomery,2025,0.053709,0,high,0.0458842796166132,0.007824720383386802
PA,Montgomery,2026,0.053803,0,high,0.0458842796166132,0.007918720383386799
PA,Northampton,2025,0.066752,0,high,0.0657695039166858,0.0009824960833142021
PA,Northampton,2026,0.066574,0,high,0.0657695039166858,0.0008044960833141906
PA,Philadelphia,2025,0.065588,0,high,0.0906428703550804,-0.025054870355080402
PA,Philadelphia,2026,0.06563,0,high,0.0906428703550804,-0.025012870355080402
PA,Union,2025,0.050033,0,high,0.0463900868644325,0.0036429131355674993
PA,Union,2026,0.061193,0,high,0.0463900868644325,0.014802913135567496
PA,Washington,2025,0.072076,0,high,0.0733468377568294,-0.0012708377568294016
PA,Washington,2026,0.070833,0,high,0.0733468377568294,-0.0025138377568294096
PA,Westmoreland,2025,0.074661,0,high,0.0817453339276725,-0.007084333927672493
PA,Westmoreland,2026,0.073707,0,high,0.0817453339276725,-0.008038333927672503
RI,Bristol,2025,0.045798,0,high,0.0420203138748571,0.0037776861251428984
RI,Bristol,2026,0.045847,0,high,0.0420203138748571,0.003826686125142899
RI,Kent,2025,0.061538,0,high,0.0431981860960489,0.018339813903951105
RI,Kent,2026,0.062072,0,high,0.0431981860960489,0.018873813903951105
RI,Providence,2025,0.057474,0,high,0.0497385141327222,0.0077354858672777985
RI,Providence,2026,0.058775,0,high,0.0497385141327222,0.009036485867277802
RI,Washington,2025,0.048512,0,high,0.04134091202099,0.007171087979009998
RI,Washington,2026,0.048613,0,high,0.04134091202099,0.0072720879790100015
SC,Anderson,2025,0.072639,0,high,0.05800160018949,0.014637399810509995
SC,Anderson,2026,0.072694,0,high,0.05800160018949,0.014692399810509994
SC,Charleston,2025,0.052202,0,high,0.0249613878133965,0.027240612186603497
SC,Charleston,2026,0.053113,0,high,0.0249613878133965,0.0281516121866035
SC,Greenville,2025,0.067232,0,high,0.0593314365571693,0.007900563442830702
SC,Greenville,2026,0.067103,0,high,0.0593314365571693,0.007771563442830698
SC,Horry,2025,0.066886,0,high,0.0652112346277517,0.0016747653722482964
SC,Horry,2026,0.066242,0,high,0.0652112346277517,0.0010307653722482907
SC,Lexington,2025,0.077108,0,high,0.0772990539421715,-0.00019105394217150407
SC,Lexington,2026,0.076397,0,high,0.0772990539421715,-0.0009020539421714935
SC,Pickens,2025,0.074984,0,high,0.0426229009452495,0.03236109905475049
SC,Pickens,2026,0.075052,0,high,0.0426229009452495,0.03242909905475049
SC,Richland,2025,0.069856,0,high,0.086600848363893,-0.016744848363892992
SC,Richland,2026,0.069595,0,high,0.086600848363893,-0.01700584836389299
SC,Spartanburg,2025,0.072117,0,high,0.0692003905526279,0.0029166094473720983
SC,Spartanburg,2026,0.072192,0,high,0.0692003905526279,0.002991609447372104
SC,York,2025,0.066533,0,high,0.0519432463140213,0.014589753685978694
SC,York,2026,0.06687,0,high,0.0519432463140213,0.014926753685978698
SD,Brookings,2025,0.062784,0,high,0.0552660983488571,0.007517901651142904
SD,Brookings,2026,0.062454,0,high,0.0552660983488571,0.0071879016511429
SD,Brown,2025,0.064916,0,high,0.0408491410019044,0.024066858998095603
SD,Brown,2026,0.064746,0,high,0.0408491410019044,0.0238968589980956
SD,Clay,2025,0.04987,0,high,0.0349360169707423,0.014933983029257698
SD,Clay,2026,0.06252,0,high,0.0349360169707423,0.027583983029257707
SD,Lake,2025,0.045331,0,high,0.0324623902792515,0.012868609720748506
SD,Lake,2026,0.045067,0,high,0.0324623902792515,0.012604609720748505
SD,Lawrence,2025,0.040123,0,high,0.0264162178858351,0.0137067821141649
SD,Lawrence,2026,0.055117,0,high,0.0264162178858351,0.0287007821141649
SD,Pennington,2025,0.061862,0,high,0.0419913609621715,0.0198706390378285
SD,Pennington,2026,0.061974,0,high,0.0419913609621715,0.0199826390378285
TN,Bradley,2025,0.066186,0,high,0.0469147689079256,0.019271231092074396
TN,Bradley,2026,0.065914,0,high,0.0469147689079256,0.018999231092074402
TN,Davidson,2025,0.062154,0,high,0.0482217787043025,0.013932221295697503
TN,Davidson,2026,0.063291,0,high,0.0482217787043025,0.015069221295697502
TN,Hamblen,2025,0.07456,0,high,0.063280634579652,0.011279365420348006
TN,Hamblen,2026,0.075189,0,high,0.063280634579652,0.01190836542034801
TN,Hamilton,2025,0.064324,0,high,0.0461676122910661,0.018156387708933908
TN,Hamilton,2026,0.06425,0,high,0.0461676122910661,0.018082387708933903
TN,Jefferson,2025,0.053956,0,high,0.0344581626667823,0.0194978373332177
TN,Jefferson,2026,0.072189,0,high,0.0344581626667823,0.03773083733321771
TN,Knox,2025,0.0619,0,high,0.0547865691297325,0.007113430870267494
TN,Knox,2026,0.062004,0,high,0.0547865691297325,0.007217430870267494
TN,Madison,2025,0.080926,0,high,0.0688588205403342,0.012067179459665803
TN,Madison,2026,0.081135,0,high,0.0688588205403342,0.012276179459665804
TN,Maury,2025,0.065933,0,high,0.0506798186745391,0.015253181325460906
TN,Maury,2026,0.065646,0,high,0.0506798186745391,0.014966181325460896
TN,Montgomery,2025,0.071375,0,high,0.0478114423302739,0.023563557669726093
TN,Montgomery,2026,0.071205,0,high,0.0478114423302739,0.023393557669726103
TN,Moore,2025,0.048316,0,high,0.0310735839319517,0.017242416068048296
TN,Moore,2026,0.048391,0,high,0.0310735839319517,0.017317416068048302
TN,Putnam,2025,0.062228,0,high,0.0625020560118003,-0.00027405601180029854
TN,Putnam,2026,0.061798,0,high,0.0625020560118003,-0.0007040560118002984
TN,Roane,2025,0.057135,0,high,0.0338565436516563,0.023278456348343697
TN,Roane,2026,0.058936,0,high,0.0338565436516563,0.0250794563483437
TN,Rutherford,2025,0.06585,0,high,0.0465395399839754,0.019310460016024607
TN,Rutherford,2026,0.066164,0,high,0.0465395399839754,0.0196244600160246
TN,Shelby,2025,0.067854,0,high,0.0533669476062926,0.0144870523937074
TN,Shelby,2026,0.067955,0,high,0.0533669476062926,0.014588052393707404
TN,Sullivan,2025,0.068327,0,high,0.0575432574701877,0.010783742529812297
TN,Sullivan,2026,0.069102,0,high,0.0575432574701877,0.011558742529812295
TN,Sumner,2025,0.063844,0,high,0.0515791709087146,0.0122648290912854
TN,Sumner,2026,0.063682,0,high,0.0515791709087146,0.012102829091285405
TN,Washington,2025,0.064927,0,high,0.0534204676394828,0.0115065323605172
TN,Washington,2026,0.064747,0,high,0.0534204676394828,0.0113265323605172
TX,Bell,2025,0.072099,0,high,0.058694103924224,0.013404896075775996
TX,Bell,2026,0.072198,0,high,0.058694103924224,0.013503896075775998
TX,Bexar,2025,0.06086,0,high,0.0392872048136783,0.0215727951863217
TX,Bexar,2026,0.061119,0,high,0.0392872048136783,0.021831795186321702
TX,Brazos,2025,0.060411,0,high,0.0561904509578149,0.0042205490421851
TX,Brazos,2026,0.060639,0,high,0.0561904509578149,0.004448549042185099
TX,Brewster,2025,0.058311,0,high,0.0497240625458017,0.0085869374541983
TX,Brewster,2026,0.067597,0,high,0.0497240625458017,0.017872937454198302
TX,Collin,2025,0.053114,0,high,0.0404570800678599,0.012656919932140104
TX,Collin,2026,0.05309,0,high,0.0404570800678599,0.0126329199321401
TX,Cooke,2025,0.057625,0,high,0.0365885760732451,0.0210364239267549
TX,Cooke,2026,0.071117,0,high,0.0365885760732451,0.0345284239267549
TX,Dallas,2025,0.060341,0,high,0.0391894369198126,0.021151563080187397
TX,Dallas,2026,0.060995,0,high,0.0391894369198126,0.0218055630801874
TX,Denton,2025,0.054864,0,high,0.0424210284904188,0.0124429715095812
TX,Denton,2026,0.055169,0,high,0.0424210284904188,0.0127479715095812
TX,Ector,2025,0.072949,0,high,0.0632766938872019,0.009672306112798096
TX,Ector,2026,0.072651,0,high,0.0632766938872019,0.00937430611279809
TX,Erath,2025,0.073061,0,high,0.0588257334583978,0.014235266541602204
TX,Erath,2026,0.072528,0,high,0.0588257334583978,0.013702266541602198
TX,Grayson,2025,0.076094,0,high,0.0484942625463825,0.027599737453617497
TX,Grayson,2026,0.075472,0,high,0.0484942625463825,0.0269777374536175
TX,Gregg,2025,0.076068,0,high,0.0596969584130251,0.016371041586974895
TX,Gregg,2026,0.075837,0,high,0.0596969584130251,0.0161400415869749
TX,Harris,2025,0.06636,0,high,0.0617646846220854,0.004595315377914605
TX,Harris,2026,0.066718,0,high,0.0617646846220854,0.004953315377914602
TX,Hays,2025,0.063937,0,high,0.0398469802908761,0.024090019709123896
TX,Hays,2026,0.063945,0,high,0.0398469802908761,0.024098019709123904
TX,Henderson,2025,0.061397,0,high,0.0444006357979458,0.0169963642020542
TX,Henderson,2026,0.072288,0,high,0.0444006357979458,0.027887364202054205
TX,Hunt,2025,0.077825,0,high,0.0565351361797253,0.02128986382027471
TX,Hunt,2026,0.07742,0,high,0.0565351361797253,0.020884863820274706
TX,Lamar,2025,0.065874,0,high,0.051768621812006,0.014105378187994004
TX,Lamar,2026,0.074724,0,high,0.051768621812006,0.022955378187994
TX,Lubbock,2025,0.07208,0,high,0.0677255643572187,0.004354435642781304
TX,Lubbock,2026,0.071973,0,high,0.0677255643572187,0.004247435642781294
TX,McLennan,2025,0.072018,0,high,0.0641369206207899,0.007881079379210093
TX,McLennan,2026,0.072005,0,high,0.0641369206207899,0.007868079379210094
TX,Midland,2025,0.065069,0,high,0.0610424368974888,0.004026563102511205
TX,Midland,2026,0.064246,0,high,0.0610424368974888,0.0032035631025112005
TX,Montgomery,2025,0.064292,0,high,0.067600459864559,-0.0033084598645589935
TX,Montgomery,2026,0.065178,0,high,0.067600459864559,-0.0024224598645589956
TX,Nueces,2025,0.072423,0,high,0.0630200968282983,0.009402903171701699
TX,Nueces,2026,0.072636,0,high,0.0630200968282983,0.009615903171701704
TX,Parker,2025,0.066018,0,high,0.0462842663650773,0.019733733634922694
TX,Parker,2026,0.066046,0,high,0.0462842663650773,0.019761733634922694
TX,Randall,2025,0.068547,0,high,0.0418338674880255,0.026713132511974498
TX,Randall,2026,0.067978,0,high,0.0418338674880255,0.026144132511974498
TX,Smith,2025,0.072649,0,high,0.0613159433184254,0.011333056681574603
TX,Smith,2026,0.072081,0,high,0.0613159433184254,0.010765056681574604
TX,Tarrant,2025,0.059349,0,high,0.0376694895125349,0.021679510487465102
TX,Tarrant,2026,0.060064,0,high,0.0376694895125349,0.022394510487465102
TX,Travis,2025,0.05325,0,high,0.0274520375098106,0.0257979624901894
TX,Travis,2026,0.053322,0,high,0.0274520375098106,0.025869962490189403
TX,Victoria,2025,0.072496,0,high,0.0471781059409907,0.025317894059009305
TX,Victoria,2026,0.071745,0,high,0.0471781059409907,0.024566894059009303
TX,Walker,2025,0.073154,0,high,0.046970486870606,0.026183513129393994
TX,Walker,2026,0.072909,0,high,0.046970486870606,0.025938513129394
TX,Waller,2025,0.066218,0,high,0.0601261469589284,0.006091853041071599
TX,Waller,2026,0.065858,0,high,0.0601261469589284,0.0057318530410715995
TX,Washington,2025,0.061638,0,high,0.0288418045510255,0.0327961954489745
TX,Washington,2026,0.061206,0,high,0.0288418045510255,0.0323641954489745
UT,Cache,2025,0.060215,0,high,0.0304424906256686,0.0297725093743314
UT,Cache,2026,0.060379,0,high,0.0304424906256686,0.029936509374331403
UT,Iron,2025,0.055774,0,high,0.0480552280772115,0.007718771922788498
UT,Iron,2026,0.056512,0,high,0.0480552280772115,0.0084567719227885
UT,Salt Lake,2025,0.047662,0,high,0.0323554493681154,0.015306550631884602
UT,Salt Lake,2026,0.047369,0,high,0.0323554493681154,0.0150135506318846
UT,Sanpete,2025,0.04684,0,high,0.0387684943853948,0.0080715056146052
UT,Sanpete,2026,0.047212,0,high,0.0387684943853948,0.008443505614605197
UT,Utah,2025,0.047445,0,high,0.0338510970150337,0.013593902984966301
UT,Utah,2026,0.047358,0,high,0.0338510970150337,0.013506902984966297
UT,Washington,2025,0.050727,0,high,0.0408398856136871,0.0098871143863129
UT,Washington,2026,0.052462,0,high,0.0408398856136871,0.011622114386312901
UT,Weber,2025,0.06466,0,high,0.0353978339780297,0.029262166021970293
UT,Weber,2026,0.064759,0,high,0.0353978339780297,0.029361166021970295
VA,Albemarle,2025,0.050241,0,high,0.0472092534498066,0.0030317465501933996
VA,Albemarle,2026,0.05034,0,high,0.0472092534498066,0.0031307465501934015
VA,Arlington,2025,0.040763,0,high,0.0382724098024728,0.002490590197527204
VA,Arlington,2026,0.040712,0,high,0.0382724098024728,0.0024395901975272014
VA,Augusta,2025,0.062065,0,high,0.0506653549503786,0.011399645049621404
VA,Augusta,2026,0.062106,0,high,0.0506653549503786,0.011440645049621403
VA,Chesterfield,2025,0.064407,0,high,0.0575771931310237,0.006829806868976308
VA,Chesterfield,2026,0.064496,0,high,0.0575771931310237,0.0069188068689763
VA,Fairfax,2025,0.039404,0,high,0.0352039229294385,0.0042000770705615045
VA,Fairfax,2026,0.039487,0,high,0.0352039229294385,0.004283077070561504
VA,Franklin,2025,0.043615,0,high,0.0277423440361741,0.0158726559638259
VA,Franklin,2026,0.043704,0,high,0.0277423440361741,0.0159616559638259
VA,Frederick,2025,0.056288,0,high,0.0482157566413597,0.008072243358640298
VA,Frederick,2026,0.056298,0,high,0.0482157566413597,0.0080822433586403
VA,Gloucester,2025,0.047412,0,high,0.0401937570526038,0.007218242947396203
VA,Gloucester,2026,0.047972,0,high,0.0401937570526038,0.007778242947396201
VA,Henrico,2025,0.063416,0,high,0.062117284763574,0.0012987152364260027
VA,Henrico,2026,0.063844,0,high,0.062117284763574,0.0017267152364260005
VA,Montgomery,2025,0.06071,0,high,0.0714602473593602,-0.010750247359360199
VA,Montgomery,2026,0.061098,0,high,0.0714602473593602,-0.0103622473593602
VA,Orange,2025,0.044292,0,high,0.0411148618278283,0.0031771381721716965
VA,Orange,2026,0.058879,0,high,0.0411148618278283,0.0177641381721717
VA,Prince Edward,2025,0.050294,0,high,0.0483111325225905,0.0019828674774095
VA,Prince Edward,2026,0.061744,0,high,0.0483111325225905,0.013432867477409502
VA,Richmond,2025,0.046219,0,high,0.057287578238924,-0.011068578238923994
VA,Richmond,2026,0.046072,0,high,0.057287578238924,-0.011215578238923996
VA,Roanoke,2025,0.063709,0,high,0.0553494412176036,0.0083595587823964
VA,Roanoke,2026,0.06355,0,high,0.0553494412176036,0.008200558782396394
VA,Washington,2025,0.071679,0,high,0.0466143013313198,0.025064698668680205
VA,Washington,2026,0.071833,0,high,0.0466143013313198,0.025218698668680192
VT,Addison,2025,0.042185,0,high,0.0327155791726936,0.009469420827306403
VT,Addison,2026,0.042871,0,high,0.0327155791726936,0.010155420827306402
VT,Chittenden,2025,0.054561,0,high,0.0509480886084273,0.0036129113915727012
VT,Chittenden,2026,0.05464,0,high,0.0509480886084273,0.003691911391572704
VT,Lamoille,2025,0.03926,0,high,0.0315531446921547,0.007706855307845303
VT,Lamoille,2026,0.04012,0,high,0.0315531446921547,0.008566855307845303
VT,Rutland,2025,0.044627,0,high,0.0368323933500517,0.007794606649948299
VT,Rutland,2026,0.044282,0,high,0.0368323933500517,0.007449606649948301
VT,Washington,2025,0.041692,0,high,0.033361127468846,0.008330872531153999
VT,Washington,2026,0.058633,0,high,0.033361127468846,0.025271872531153997
WA,Chelan,2025,0.044679,0,high,0.0375584641352369,0.007120535864763106
WA,Chelan,2026,0.045657,0,high,0.0375584641352369,0.008098535864763105
WA,Clallam,2025,0.054184,0,high,0.0316630789850623,0.022520921014937703
WA,Clallam,2026,0.055654,0,high,0.0316630789850623,0.023990921014937702
WA,Cowlitz,2025,0.057484,0,high,0.0377984128274406,0.0196855871725594
WA,Cowlitz,2026,0.058109,0,high,0.0377984128274406,0.020310587172559402
WA,Franklin,2025,0.063008,0,high,0.0424674998942841,0.020540500105715898
WA,Franklin,2026,0.063331,0,high,0.0424674998942841,0.0208635001057159
WA,King,2025,0.043336,0,high,0.0199566055138249,0.023379394486175098
WA,King,2026,0.043962,0,high,0.0199566055138249,0.0240053944861751
WA,Kittitas,2025,0.045285,0,high,0.0395198593785857,0.005765140621414297
WA,Kittitas,2026,0.04638,0,high,0.0395198593785857,0.006860140621414296
WA,Lewis,2025,0.059312,0,high,0.0383872068630905,0.020924793136909495
WA,Lewis,2026,0.059763,0,high,0.0383872068630905,0.021375793136909495
WA,Pierce,2025,0.053137,0,high,0.0422943106275634,0.010842689372436598
WA,Pierce,2026,0.053338,0,high,0.0422943106275634,0.011043689372436605
WA,Skagit,2025,0.049311,0,high,0.0526178792628358,-0.0033068792628358004
WA,Skagit,2026,0.050143,0,high,0.0526178792628358,-0.002474879262835801
WA,Spokane,2025,0.056053,0,high,0.0364428343402683,0.0196101656597317
WA,Spokane,2026,0.057194,0,high,0.0364428343402683,0.020751165659731702
WA,Thurston,2025,0.055685,0,high,0.0496256978317756,0.006059302168224395
WA,Thurston,2026,0.055739,0,high,0.0496256978317756,0.006113302168224394
WA,Walla Walla,2025,0.062359,0,high,0.0405129175294005,0.0218460824705995
WA,Walla Walla,2026,0.063446,0,high,0.0405129175294005,0.022933082470599504
WA,Whatcom,2025,0.049634,0,high,0.0460256094186832,0.0036083905813167963
WA,Whatcom,2026,0.050568,0,high,0.0460256094186832,0.004542390581316801
WA,Whitman,2025,0.058583,0,high,0.0449120960878454,0.0136709039121546
WA,Whitman,2026,0.059206,0,high,0.0449120960878454,0.014293903912154599
WI,Brown,2025,0.062734,0,high,0.0327901224877348,0.029943877512265196
WI,Brown,2026,0.062702,0,high,0.0327901224877348,0.029911877512265192
WI,Dane,2025,0.049558,0,high,0.0394646808142946,0.010093319185705399
WI,Dane,2026,0.049736,0,high,0.0394646808142946,0.010271319185705403
WI,Douglas,2025,0.071906,0,high,0.0637364644405681,0.008169535559431895
WI,Douglas,2026,0.071754,0,high,0.0637364644405681,0.008017535559431896
WI,Dunn,2025,0.065647,0,high,0.0482806939865538,0.017366306013446194
WI,Dunn,2026,0.065454,0,high,0.0482806939865538,0.017173306013446195
WI,Eau Claire,2025,0.063362,0,high,0.0442222856791642,0.019139714320835804
WI,Eau Claire,2026,0.062916,0,high,0.0442222856791642,0.018693714320835803
WI,Fond du Lac,2025,0.065569,0,high,0.0439660013543105,0.0216029986456895
WI,Fond du Lac,2026,0.065416,0,high,0.0439660013543105,0.0214499986456895
WI,Grant,2025,0.055666,0,high,0.0492537103849708,0.006412289615029203
WI,Grant,2026,0.05542,0,high,0.0492537103849708,0.0061662896150292
WI,Kenosha,2025,0.066827,0,high,0.0504392193654433,0.016387780634556696
WI,Kenosha,2026,0.066173,0,high,0.0504392193654433,0.015733780634556695
WI,La Crosse,2025,0.062135,0,high,0.0446129914724481,0.017522008527551904
WI,La Crosse,2026,0.061738,0,high,0.0446129914724481,0.017125008527551902
WI,Marathon,2025,0.064639,0,high,0.0494095953401854,0.0152294046598146
WI,Marathon,2026,0.064465,0,high,0.0494095953401854,0.015055404659814593
WI,Milwaukee,2025,0.060366,0,high,0.0441572123491277,0.016208787650872303
WI,Milwaukee,2026,0.059943,0,high,0.0441572123491277,0.015785787650872303
WI,Outagamie,2025,0.062205,0,high,0.0406142821950722,0.0215907178049278
WI,Outagamie,2026,0.061785,0,high,0.0406142821950722,0.021170717804927797
WI,Ozaukee,2025,0.039827,0,high,0.0328502294223393,0.006976770577660704
WI,Ozaukee,2026,0.050648,0,high,0.0328502294223393,0.0177977705776607
WI,Pierce,2025,0.061152,0,high,0.0598296839552016,0.001322316044798398
WI,Pierce,2026,0.061065,0,high,0.0598296839552016,0.0012353160447984013
WI,Portage,2025,0.063408,0,high,0.0540045535992385,0.009403446400761503
WI,Portage,2026,0.063208,0,high,0.0540045535992385,0.009203446400761497
WI,Walworth,2025,0.040067,0,high,0.0336755241718538,0.006391475828146198
WI,Walworth,2026,0.059641,0,high,0.0336755241718538,0.0259654758281462
WI,Washburn,2025,0.049888,0,high,0.0332055648312754,0.0166824351687246
WI,Washburn,2026,0.050391,0,high,0.0332055648312754,0.017185435168724596
WI,Waukesha,2025,0.051579,0,high,0.0316818749153964,0.019897125084603597
WI,Waukesha,2026,0.05164,0,high,0.0316818749153964,0.019958125084603595
WI,Winnebago,2025,0.065443,0,high,0.0380898605695838,0.0273531394304162
WI,Winnebago,2026,0.065151,0,high,0.0380898605695838,0.0270611394304162
WV,Berkeley,2025,0.067326,0,high,0.0593086554232081,0.008017344576791895
WV,Berkeley,2026,0.066442,0,high,0.0593086554232081,0.007133344576791899
WV,Jefferson,2025,0.05832,0,high,0.0610521024598736,-0.0027321024598736046
WV,Jefferson,2026,0.05849,0,high,0.0610521024598736,-0.002562102459873601
WV,Monongalia,2025,0.060938,0,high,0.0796961535489758,-0.018758153548975802
WV,Monongalia,2026,0.061317,0,high,0.0796961535489758,-0.018379153548975798
WY,Albany,2025,0.055936,0,high,0.0450124939084671,0.010923506091532899
WY,Albany,2026,0.056808,0,high,0.0450124939084671,0.011795506091532897
WY,Fremont,2025,0.04509,0,high,0.0364419634300085,0.008648036569991496
WY,Fremont,2026,0.058825,0,high,0.0364419634300085,0.0223830365699915
WY,Laramie,2025,0.062913,0,high,0.0425886360179222,0.0203243639820778
WY,Laramie,2026,0.06285,0,high,0.0425886360179222,0.020261363982077805
WY,Natrona,2025,0.062863,0,high,0.0583179623298927,0.004545037670107305
WY,Natrona,2026,0.062963,0,high,0.0583179623298927,0.004645037670107308
WY,Sheridan,2025,0.038131,0,high,0.0242513261876875,0.013879673812312497
WY,Sheridan,2026,0.050554,0,high,0.0242513261876875,0.0263026738123125
WY,Sweetwater,2025,0.06348,0,high,0.0428386846220777,0.020641315377922298
WY,Sweetwater,2026,0.063358,0,high,0.0428386846220777,0.0205193153779223
